CustomerID,FName,LName,IDCard,Gender,BirthDay,Nationality,Mobile,Email,Address,InsuranceID,CreatedAt
83,Pierson,Espadas,52-482-8950,M,1946-07-05,Guatemala,52044344,pespadas2a@twitpic.com,8789 Monument Park,201819,2021-02-27 08:58:00
31,Midge,Clawson,02-603-6257,F,1949-02-12,Indonesia,27268551,mclawsonu@over-blog.com,8 Harper Terrace,891617,2021-02-10 00:36:00
92,Nixie,Lehrahan,41-660-8929,F,1950-06-08,Canada,21473708,nlehrahan2j@dot.gov,6 Vidon Circle,807728,2021-09-02 00:57:00
77,Beniamino,Pauley,00-482-7917,M,1951-08-07,China,19319328,bpauley24@archive.org,9 Monica Circle,601623,2021-02-02 04:42:00
15,Tatiana,Barraclough,50-584-0339,F,1951-10-04,Madagascar,13365388,tbarracloughe@admin.ch,05551 Forster Park,754527,2021-02-01 22:57:00
80,Lennard,Bittleson,77-441-1865,M,1951-11-11,Indonesia,58328411,lbittleson27@amazon.com,36 Sherman Circle,335368,2021-05-11 01:29:00
59,Shawn,Crossgrove,61-775-0717,M,1953-02-07,China,52966531,scrossgrove1m@vimeo.com,7871 Carberry Circle,979138,2020-10-22 22:12:00
62,Leslie,Fassmann,44-016-7379,M,1954-04-01,Brazil,13773635,lfassmann1p@ehow.com,610 Fuller Alley,777810,2021-01-27 02:53:00
5,Kyle,Thurstance,93-974-4987,M,1954-09-05,Nigeria,43960494,kthurstance4@godaddy.com,4740 Lindbergh Crossing,969692,2021-06-13 21:24:00
9,Rayshell,Lyfe,03-595-8629,F,1955-03-09,Indonesia,95730215,rlyfe8@sitemeter.com,19 Lyons Way,188907,2021-06-27 19:26:00
33,Donal,Yusupov,84-099-1107,M,1955-09-07,China,15760768,dyusupovw@bloglines.com,433 Tomscot Avenue,850421,2021-03-05 02:31:00
99,Bear,Lammin,92-378-5355,M,1959-11-06,Russia,48384604,blammin2q@ow.ly,29101 Oak Valley Junction,906878,2021-05-21 06:31:00
12,Caz,Yegorev,91-275-1778,M,1961-08-04,Indonesia,13956819,cyegorevb@smh.com.au,73 Swallow Crossing,216309,2021-06-29 12:46:00
17,Batholomew,Tregaskis,78-454-0085,M,1962-06-04,Philippines,78760541,btregaskisg@google.co.jp,03 Tennessee Point,554389,2020-11-14 22:23:00
18,Irvine,Caldayrou,56-481-9884,M,1963-06-01,Philippines,60768898,icaldayrouh@ucla.edu,7 Carioca Alley,677227,2020-10-03 21:00:00
58,Tybi,Stuffins,74-173-6159,F,1970-11-09,Thailand,44927627,tstuffins1l@addthis.com,717 Stuart Avenue,138319,2021-04-18 08:50:00
49,Seumas,Simenel,39-505-8142,M,1973-04-07,Vietnam,67817864,ssimenel1c@hatena.ne.jp,29710 Butterfield Court,473610,2021-05-21 11:50:00
60,Jessie,Rangle,21-570-2842,F,1973-11-09,Serbia,67920591,jrangle1n@marriott.com,68762 Fieldstone Center,509554,2021-05-25 14:48:00
50,Celinka,Albertson,15-275-2853,F,1974-03-03,Brazil,85799253,calbertson1d@statcounter.com,8 East Avenue,236542,2021-03-08 02:29:00
96,Ilysa,Trim,64-581-8834,F,1974-11-06,Indonesia,96813007,itrim2n@biblegateway.com,0 Monica Court,292242,2021-05-17 09:39:00
34,Antonie,Cadagan,46-253-0772,F,1979-08-08,China,48788670,acadaganx@loc.gov,5 Park Meadow Point,466293,2021-04-07 08:32:00
3,Rafa,Norkett,71-980-8288,F,1980-03-01,Japan,78433424,rnorkett2@homestead.com,68029 Canary Street,908603,2021-07-06 04:56:00
35,Worthington,Lockyear,21-072-3009,M,1981-12-05,Philippines,25640815,wlockyeary@so-net.ne.jp,734 Gerald Pass,985456,2021-06-03 06:25:00
26,Travers,Pioli,83-820-4736,M,1983-04-04,Brazil,63526605,tpiolip@umich.edu,8 Canary Terrace,644608,2020-10-18 11:09:00
48,Blinnie,Tufts,19-658-4167,F,1983-12-11,Philippines,65932435,btufts1b@pcworld.com,50855 Jenifer Point,595382,2021-09-09 03:57:00
97,Violante,Chessun,51-747-8883,F,1988-03-12,United States,35813998,vchessun2o@nps.gov,0539 Golden Leaf Hill,641363,2021-08-29 12:44:00
40,Kathlin,Chazelle,37-585-8997,F,1990-07-06,United States,54788326,kchazelle13@seattletimes.com,189 Old Gate Crossing,866606,2020-12-13 18:05:00
24,Jesus,Callcott,42-546-1844,M,1992-12-10,Philippines,37507310,jcallcottn@opera.com,4 2nd Street,422183,2021-01-02 12:45:00
90,Frederico,Soppeth,99-108-0168,M,1993-06-04,China,98755578,fsoppeth2h@europa.eu,2853 Artisan Parkway,833711,2021-07-16 10:11:00
45,Essie,Juden,31-282-2413,F,1994-11-01,Portugal,40277604,ejuden18@bandcamp.com,1 Lawn Hill,152434,2021-06-10 20:44:00
19,Wald,Gambrell,40-491-5442,M,1997-03-10,Indonesia,32173280,wgambrelli@e-recht24.de,90 Truax Park,300538,2021-07-17 23:08:00
4,Nerty,Goldson,08-949-6089,F,1998-10-01,China,51392373,ngoldson3@usda.gov,6694 Raven Alley,951556,2021-02-18 20:30:00
10,Jordan,Van Velden,63-021-8505,M,2000-12-01,Yemen,92045454,jvanvelden9@oracle.com,620 Lunder Circle,175172,2021-07-11 15:27:00
37,Dunstan,Bladder,59-336-8268,M,2004-07-01,China,40785928,dbladder10@ted.com,09 Sloan Junction,692320,2021-07-02 08:02:00
44,Natka,Casaletto,00-721-6300,F,2013-12-06,Brazil,80564827,ncasaletto17@statcounter.com,2174 Melrose Crossing,414226,2021-06-07 15:04:00
100,Pearla,Fleet,07-398-9202,F,2020-03-09,Afghanistan,71958060,pfleet2r@smugmug.com,94 Ryan Street,408275,2021-09-03 23:50:00
20,Laverna,Kingzett,98-930-6490,F,2021-12-03,Bolivia,91772157,lkingzettj@hud.gov,46 Elka Lane,748907,2020-10-05 21:47:00
